SNP,ID,genotype,C18:2
BovineHD1200006970,13FB05181130,BB,1.839438738
BovineHD1200006970,13FB05200318,BB,0.289485886
BovineHD1200006970,13FB05181140,BB,1.184586129
BovineHD1200006970,13FB05200243,AB,1.024056884
BovineHD1200006970,13FB05200522,BB,1.275701999
BovineHD1200006970,13HP02200027,AB,1.058715207
BovineHD1200006970,13FB05200508,BB,1.193794999
BovineHD1200006970,13FB05200429,BB,0.841740257
BovineHD1200006970,13FB05200131,AB,1.091637257
BovineHD1200006970,13FB05200540,BB,0.906153053
BovineHD1200006970,13FB05180935,BB,2.182052207
BovineHD1200006970,13FB05200623,BB,1.306281666
BovineHD1200006970,13FB05200626,BB,1.369486666
BovineHD1200006970,13FB05200617,BB,0.794194166
BovineHD1200006970,13FB05200426,BB,0.704792884
BovineHD1200006970,13FB05200606,AB,1.218605666
BovineHD1200006970,13FB05200607,BB,0.751321166
BovineHD1200006970,13FB05200317,BB,1.355648635
BovineHD1200006970,13FB05200410,BB,1.026096999
BovineHD1200006970,13FB05200614,BB,0.566364053
BovineHD1200006970,13HP02200066,BB,1.179510843
BovineHD1200006970,13FB05180921,BB,1.45694596
BovineHD1200006970,13FB05200538,BB,1.198683053
BovineHD1200006970,13HP02200029,BB,1.322426054
BovineHD1200006970,13FB05200209,AB,0.879735416
BovineHD1200006970,13FB05181046,BB,1.480380214
BovineHD1200006970,13FB05200501,BB,0.85964973
BovineHD1200006970,13FB05191201,BB,1.432776794
BovineHD1200006970,13HP02200006,BB,1.215753827
BovineHD1200006970,13FB05181145,BB,1.148178853
BovineHD1200006970,13FB05200420,AB,1.02165174
BovineHD1200006970,13FB05200510,BB,1.469358406
BovineHD1200006970,13FB05181120,AB,0.910490045
BovineHD1200006970,13FB05181252,BB,1.355334627
BovineHD1200006970,13FB05181125,BB,1.224571867
BovineHD1200006970,13FB05181033,BB,1.391508066
BovineHD1200006970,13FB05181119,BB,1.108684489
BovineHD1200006970,13FB05181129,BB,1.093538195
BovineHD1200006970,13FB05181005,BB,1.653961464
BovineHD1200006970,13FB05180925,BB,1.470307551
BovineHD1200006970,13FB05180955,AB,1.325929219
BovineHD1200006970,13FB05181139,BB,1.265976814
BovineHD1200006970,13FB05200418,AB,0.972235884
BovineHD1200006970,13FB05200419,BB,1.158833668
BovineHD1200006970,13HP02200093,BB,1.084849219
BovineHD1200006970,13FB05191252,BB,1.508710444
BovineHD1200006970,13FB05181056,BB,1.373810148
BovineHD1200006970,13FB05180907,BB,1.23884571
BovineHD1200006970,13FB05181018,BB,1.216567989
BovineHD1200006970,13HP02200060,BB,1.008153998
BovineHD1200006970,13FB05181239,AB,1.396182195
BovineHD1200006970,13AA07177707,BB,1.004275774
BovineHD1200006970,13HP02200096,BB,0.893233828
BovineHD1200006970,13FB05181152,BB,1.00473409
BovineHD1200006970,13FB05181214,BB,1.114357643
BovineHD1200006970,13FB05181235,BB,1.232686284
BovineHD1200006970,13FB05200428,BB,1.363254757
BovineHD1200006970,13FB05200602,BB,1.077148666
BovineHD1200006970,13FB05200515,BB,1.350458166
BovineHD1200006970,13FB05181208,BB,1.261999697
BovineHD1200006970,13HP02200083,BB,1.386548305
BovineHD1200006970,13FB05180909,BB,1.341898208
BovineHD1200006970,13FB05191244,BB,1.408567715
BovineHD1200006970,13HP02200099,BB,1.451676656
BovineHD1200006970,13FB05200321,AB,1.568630384
BovineHD1200006970,13FB05181149,BB,1.54188422
BovineHD1200006970,13FB05181047,AB,1.186776613
BovineHD1200006970,13FB05200523,BB,0.912526499
BovineHD1200006970,13FB05200230,BB,1.411360156
BovineHD1200006970,13HP02200143,BB,1.368972124
BovineHD1200006970,13FB05181237,BB,1.567474108
BovineHD1200006970,13FB05200612,AB,1.51572174
BovineHD1200006970,13AA07177708,BB,0.9615796
BovineHD1200006970,13FB05200218,BB,0.922811656
BovineHD1200006970,13FB05180924,BB,1.51240394
BovineHD1200006970,13AA07177703,BB,1.1094586
BovineHD1200006970,13FB05181012,BB,1.150029489
BovineHD1200006970,13FB05200319,AB,0.951557882
BovineHD1200006970,13AA07177721,BB,1.163644047
BovineHD1200006970,13FB05181057,BB,1.80484722
BovineHD1200006970,13HP02200089,BB,1.385810983
BovineHD1200006970,13FB05181207,BB,1.056358374
BovineHD1200006970,13HP02200092,BB,1.197845828
BovineHD1200006970,13FB05200213,BB,1.198284749
BovineHD1200006970,13FB05180950,BB,0.900752187
BovineHD1200006970,13FB05200521,BB,0.51744574
BovineHD1200006970,13AA07177722,BB,1.365497862
BovineHD1200006970,13FB05200238,BB,1.375111044
BovineHD1200006970,13HP02200054,BB,1.061526655
BovineHD1200006970,13HP02200052,BB,1.327469962
BovineHD1200006970,13HP02200079,BB,1.081443162
BovineHD1200006970,13HP02200049,BB,1.327624344
BovineHD1200006970,13HP02200114,BB,1.27760821
BovineHD1200006970,13HP02200091,BB,1.107992958
BovineHD1200006970,13HP02200100,BB,1.338416591
BovineHD1200006970,13FB05181146,BB,1.154759861
BovineHD1200006970,13FB05191233,BB,1.410757381
BovineHD1200006970,13FB05200502,AB,1.497419757
BovineHD1200006970,13FB05181249,BB,1.505379008
BovineHD1200006970,13FB05200127,AB,1.183577294
BovineHD1200006970,13FB05181059,BB,0.87480352
BovineHD1200006970,13AA07177718,BB,1.279078466
BovineHD1200006970,13AA07188801,BB,1.13673695
BovineHD1200006970,13HP02200003,BB,1.027359262
BovineHD1200006970,13HP02200065,AB,1.369867019
BovineHD1200006970,13FB05181026,BB,1.734171148
BovineHD1200006970,13FB05181126,BB,1.444490891
BovineHD1200006970,13FB05181031,BB,1.312434092
BovineHD1200006970,13FB05200239,BB,0.920558173
BovineHD1200006970,13FB05200146,BB,1.752072141
BovineHD1200006970,13HP02200014,BB,1.078017846
BovineHD1200006970,13FB05200411,AB,1.225921052
BovineHD1200006970,13HP02200072,BB,1.395787704
BovineHD1200006970,13FB05200631,BB,0.573799999
BovineHD1200006970,13HP02200005,AB,1.428741777
BovineHD1200006970,13FB05200233,BB,1.047575173
BovineHD1200006970,13FB05181041,BB,1.660713398
BovineHD1200006970,13FB05181044,AB,1.383106599
BovineHD1200006970,13FB05200511,BB,1.529229999
BovineHD1200006970,13HP02200075,BB,1.188433129
BovineHD1200006970,13FB05190131,BB,1.293001139
BovineHD1200006970,13FB05181030,AB,1.649046249
BovineHD1200006970,13HP02200025,BB,1.415924221
BovineHD1200006970,13AA07177715,BB,1.184151132
BovineHD1200006970,13FB05200509,BB,0.726119166
BovineHD1200006970,13FB05181113,BB,1.569248828
BovineHD1200006970,13HP02200076,BB,1.174144504
BovineHD1200006970,13AA07177720,BB,1.134414776
BovineHD1200006970,13HP02200106,AB,1.20991421
BovineHD1200006970,13HP02200062,BB,1.227963008
BovineHD1200006970,13HP02200001,BB,1.453698145
BovineHD1200006970,13FB05200643,AB,1.421246999
BovineHD1200006970,13FB05181246,BB,1.381635534
BovineHD1200006970,13HP02200069,BB,1.357601343
BovineHD1200006970,13FB05181105,BB,1.531449686
BovineHD1200006970,13FB05200608,AB,1.246191591
BovineHD1200006970,13FB05200517,BB,1.266774757
BovineHD1200006970,13HP02200030,BB,1.121287162
BovineHD1200006970,13HP02200021,BB,1.186651019
BovineHD1200006970,13FB05191227,BB,1.699950867
BovineHD1200006970,13FB05191224,BB,1.434726715
BovineHD1200006970,13FB05181128,BB,1.558066266
BovineHD1200006970,13FB05181203,BB,1.370490706
BovineHD1200006970,13FB05200225,BB,0.45809573
BovineHD1200006970,13FB05181038,BB,1.578668387
BovineHD1200006970,13HP02180373,BB,1.329798124
BovineHD1200006970,13FB05181002,BB,1.324819608
BovineHD1200006970,13HP02200040,BB,1.237745219
BovineHD1200006970,13FB05180914,BB,1.197097357
BovineHD1200006970,13AA07177719,BB,1.111771497
BovineHD1200006970,13FB05200211,BB,0.933673749
BovineHD1200006970,13HP02200043,BB,1.28051836
BovineHD1200006970,13AA07177705,BB,1.029747797
BovineHD1200006970,13HP02200105,BB,1.100027105
BovineHD1200006970,13FB05200331,BB,1.070511999
BovineHD1200006970,13FB05181028,BB,1.254033392
BovineHD1200006970,13HP02200041,BB,1.118462876
BovineHD1200006970,13FB05200532,BB,2.76778173
BovineHD1200006970,13HP02190007,BB,1.260437954
BovineHD1200006970,13HP02200078,BB,1.213639446
BovineHD1200006970,13HP02200185,BB,1.463264641
BovineHD1200006970,13FB05191255,AB,1.275059381
BovineHD1200006970,13HP02190059,BB,1.105254228
BovineHD1200006970,13FB05181024,BB,1.570179353
BovineHD1200006970,13FB05200402,BB,0.958437999
BovineHD1200006970,13HP02190062,BB,1.264552808
BovineHD1200006970,13HP02200081,BB,1.234442031
BovineHD1200006970,13HP02200056,BB,1.358962913
BovineHD1200006970,13HP02200121,BB,1.361911124
BovineHD1200006970,13FB05200303,BB,1.123244548
BovineHD1200006970,13HP02190061,BB,1.107195373
BovineHD1200006970,13FB05181017,BB,1.770024732
BovineHD1200006970,13HP02180293,BB,1.212565201
BovineHD1200006970,13HP02200140,BB,1.336931914
BovineHD1200006970,13FB05200525,BB,1.743478635
BovineHD1200006970,13FB05200301,BB,1.432888736
BovineHD1200006970,13HP02200010,BB,1.501249598
BovineHD1200006970,13HP02190076,BB,0.978322874
BovineHD1200006970,13HP02190049,BB,1.360081975
BovineHD1200006970,13HP02200004,BB,1.544754443
BovineHD1200006970,13FB05181131,BB,1.278611692
BovineHD1200006970,13HP02200020,BB,1.477939563
BovineHD1200006970,13HP02190054,BB,1.31963835
BovineHD1200006970,13FB05200144,BB,1.234979111
BovineHD1200006970,13FB05200634,BB,0.675210666
BovineHD1200006970,13HP02190063,BB,1.19303381
BovineHD1200006970,13AA07188802,BB,1.27047206
BovineHD1200006970,13FB05200533,BB,0.709856155
BovineHD1200006970,13HP02190370,BB,1.365071122
BovineHD1200006970,13HP02190066,BB,1.323988122
BovineHD1200006970,13HP02200061,BB,1.430876305
BovineHD1200006970,13HP02200002,BB,1.343169691
BovineHD1200006970,13HP02200124,BB,1.391507045
BovineHD1200006970,13FB05200220,BB,1.457685656
BovineHD1200006970,13HP02190051,BB,1.273304766
BovineHD1200006970,13FB05200406,BB,1.212905384
BovineHD1200006970,13HP02190038,BB,1.174496708
BovineHD1200006970,13HP02200126,BB,1.419704448
BovineHD1200006970,13FB05200404,BB,1.157223635
BovineHD1200006970,13HP02200158,BB,1.630081346
BovineHD1200006970,13HP02200098,BB,1.501663744
BovineHD1200006970,13FB05200134,BB,1.550354044
BovineHD1200006970,13HP02200017,BB,1.204530887
BovineHD1200006970,13HP02190026,BB,1.215321828
BovineHD1200006970,13HP02190031,BB,1.021115897
BovineHD1200006970,13FB05200616,BB,1.911621929
BovineHD1200006970,13HP02200019,BB,1.396227241
BovineHD1200006970,13HP02190060,BB,0.957937991
BovineHD1200006970,13HP02200087,BB,1.185214127
BovineHD1200006970,13HP02190074,BB,1.22428744
BovineHD1200006970,13FB05181255,BB,1.307581172
BovineHD1200006970,13FB05181236,BB,1.65347384
BovineHD1200006970,13FB05200516,BB,1.075417886
BovineHD1200006970,13FB05200330,BB,1.142937882
BovineHD1200006970,13FB05200142,BB,1.809577239
BovineHD1200006970,13FB05180929,BB,1.790248214
BovineHD1200006970,13HP02190052,BB,1.195869712
BovineHD1200006970,13HP02200023,BB,1.668514291
BovineHD1200006970,13FB05180940,AB,1.649504024
BovineHD1200006970,13FB05191258,BB,1.506410736
BovineHD1200006970,13HP02190025,BB,1.577841048
BovineHD1200006970,13FB05200611,BB,0.995624166
BovineHD1200006970,13HP02200034,BB,1.385123713
BovineHD1200006970,13HP02200141,BB,1.499533661
BovineHD1200006970,13FB05200117,AB,1.429152906
BovineHD1200006970,13FB05200535,BB,1.271919757
BovineHD1200006970,13HP02200077,BB,1.346690109
BovineHD1200006970,13FB05181016,AB,1.620164509
BovineHD1200006970,13HP02190037,BB,1.172736716
BovineHD1200006970,13HP02200167,BB,1.046774407
BovineHD1200006970,13HP02190032,BB,1.121273222
BovineHD1200006970,13FB05200329,BB,1.088202215
BovineHD1200006970,13FB05200326,AB,0.894315155
BovineHD1200006970,13HP02190067,BB,1.242413198
BovineHD1200006970,13FB05200534,BB,0.956482548
BovineHD1200006970,13HP02190068,BB,1.546844919
BovineHD1200006970,13FB05181110,BB,1.748388489
BovineHD1200006970,13FB05200409,AB,1.041746633
BovineHD1200006970,13FB05200506,BB,1.478836929
BovineHD1200006970,13FB05191216,AB,1.322368048
BovineHD1200006970,13FB05181136,BB,1.319623358
BovineHD1200006970,13HP02190077,AB,1.285895071
BovineHD1200006970,13HP02190046,BB,1.166804324
BovineHD1200006970,13FB05200314,AB,1.72572684
BovineHD1200006970,13FB05200520,BB,1.226094757
BovineHD1200006970,13HP02190065,BB,1.255615884
BovineHD1200006970,13HP02200068,BB,1.435483582
BovineHD1200006970,13HP02180337,BB,1.368178123
BovineHD1200006970,13HP02190006,BB,1.415144373
BovineHD1200006970,13FB05200313,BB,1.393751215
BovineHD1200006970,13HP02190069,BB,1.396137119
BovineHD1200006970,13HP02200070,BB,1.42034502
BovineHD1200006970,13FB05191215,BB,1.054487019
BovineHD1200006970,13FB05200266,BB,0.981214548
BovineHD1200006970,13HP02200016,BB,1.350361714
BovineHD1200006970,13HP02190073,BB,1.371865366
BovineHD1200006970,13FB05200647,AB,1.78227174
BovineHD1200006970,13HP02190056,BB,1.36829429
BovineHD1200006970,13HP02200015,BB,1.353690654
BovineHD1200006970,13HP02190064,BB,1.479317046
BovineHD1200006970,13FB05200644,BB,0.44669274
BovineHD1200006970,13FB05200237,BB,2.852406375
