SNP,ID,genotype,C4:0
BTB-01865288,13FB05181130,AB,0.113457362
BTB-01865288,13FB05200415,AB,0.12299711
BTB-01865288,13FB05200318,AB,0.123665138
BTB-01865288,13FB05181116,AB,0.236333748
BTB-01865288,13FB05181140,BB,0.35565643
BTB-01865288,13FB05200243,AA,0.356581872
BTB-01865288,13FB05200522,AB,0.401052587
BTB-01865288,13FB05200124,AB,0.446159752
BTB-01865288,13HP02200027,AB,0.451080805
BTB-01865288,13FB05200508,AA,0.489631805
BTB-01865288,13FB05200429,AB,0.50165466
BTB-01865288,13FB05200131,AA,0.51202286
BTB-01865288,13FB05200540,AB,0.526789638
BTB-01865288,13FB05180935,AB,0.531124073
BTB-01865288,13FB05200623,AB,0.563716622
BTB-01865288,13FB05200626,AA,0.570332622
BTB-01865288,13FB05200617,AB,0.592063122
BTB-01865288,13FB05200426,AA,0.605041822
BTB-01865288,13FB05200606,AA,0.608310657
BTB-01865288,13FB05200607,AA,0.612826622
BTB-01865288,13FB05200317,AA,0.632876816
BTB-01865288,13FB05200410,AB,0.651910087
BTB-01865288,13FB05200614,AB,0.679046638
BTB-01865288,13HP02200066,BB,0.679475512
BTB-01865288,13FB05180921,BB,0.680214242
BTB-01865288,13FB05200538,AA,0.688816638
BTB-01865288,13HP02200029,AA,0.713615495
BTB-01865288,13FB05200209,AA,0.714941977
BTB-01865288,13FB05181046,AA,0.719022079
BTB-01865288,13FB05200501,AA,0.720320805
BTB-01865288,13FB05191201,AA,0.726106731
BTB-01865288,13HP02200006,AA,0.75409829
BTB-01865288,13FB05181145,AB,0.754292075
BTB-01865288,13FB05200420,AA,0.755248657
BTB-01865288,13FB05200510,AA,0.757007115
BTB-01865288,13FB05181120,BB,0.77375595
BTB-01865288,13FB05181252,AA,0.786421277
BTB-01865288,13FB05181125,AB,0.797312958
BTB-01865288,13FB05181033,BB,0.798462877
BTB-01865288,13FB05181119,AB,0.811101078
BTB-01865288,13FB05181129,BB,0.828576048
BTB-01865288,13FB05181005,AB,0.834457342
BTB-01865288,13FB05180925,AA,0.839357483
BTB-01865288,13FB05180955,AB,0.859309041
BTB-01865288,13FB05181139,AB,0.865566114
BTB-01865288,13FB05200418,AB,0.868861822
BTB-01865288,13FB05200419,AA,0.879122952
BTB-01865288,13HP02200093,AA,0.886018755
BTB-01865288,13FB05191252,AB,0.898909431
BTB-01865288,13FB05181056,BB,0.89956149
BTB-01865288,13FB05180907,BB,0.904594242
BTB-01865288,13FB05181018,AB,0.912408488
BTB-01865288,13HP02200060,AA,0.919217754
BTB-01865288,13FB05181239,AB,0.919797381
BTB-01865288,13AA07177707,AA,0.926637034
BTB-01865288,13HP02200096,AB,0.927981057
BTB-01865288,13FB05181152,AB,0.93081937
BTB-01865288,13FB05181214,AB,0.940073851
BTB-01865288,13FB05181235,AB,0.95184626
BTB-01865288,13FB05200428,AB,0.96242486
BTB-01865288,13FB05200602,AA,0.971220122
BTB-01865288,13FB05200515,AB,0.984361622
BTB-01865288,13FB05181208,AA,0.984604203
BTB-01865288,13HP02200083,AB,0.991396874
BTB-01865288,13FB05180909,AB,0.995425039
BTB-01865288,13FB05191244,AA,0.997158703
BTB-01865288,13HP02200099,AB,0.9997137
BTB-01865288,13FB05200321,AA,1.008919322
BTB-01865288,13FB05181149,AB,1.024699344
BTB-01865288,13FB05181047,AB,1.034860887
BTB-01865288,13FB05200523,AB,1.037000087
BTB-01865288,13FB05200230,AB,1.040645865
BTB-01865288,13HP02200143,BB,1.051877503
BTB-01865288,13FB05181237,BB,1.05407354
BTB-01865288,13FB05200612,AA,1.055101657
BTB-01865288,13AA07177708,AB,1.055482761
BTB-01865288,13FB05200218,AB,1.066665365
BTB-01865288,13FB05180924,AB,1.067301608
BTB-01865288,13AA07177703,BB,1.068594319
BTB-01865288,13FB05181012,AB,1.070976078
BTB-01865288,13FB05200319,AB,1.072617117
BTB-01865288,13AA07177721,AB,1.088902301
BTB-01865288,13FB05181057,AA,1.092591047
BTB-01865288,13HP02200089,AB,1.095590769
BTB-01865288,13FB05181207,AB,1.098896672
BTB-01865288,13HP02200092,AB,1.099122369
BTB-01865288,13FB05200213,AA,1.102779914
BTB-01865288,13FB05180950,AB,1.103439409
BTB-01865288,13FB05200521,AA,1.106591657
BTB-01865288,13AA07177722,AB,1.109258511
BTB-01865288,13FB05200238,AB,1.109395531
BTB-01865288,13HP02200054,AB,1.124552797
BTB-01865288,13HP02200052,BB,1.12605325
BTB-01865288,13HP02200079,AB,1.133329141
BTB-01865288,13HP02200049,AB,1.135869463
BTB-01865288,13HP02200114,AB,1.136841977
BTB-01865288,13HP02200091,BB,1.138672129
BTB-01865288,13HP02200100,BB,1.1389209
BTB-01865288,13FB05181146,BB,1.139915381
BTB-01865288,13FB05191233,AB,1.141338369
BTB-01865288,13FB05200502,AB,1.14395386
BTB-01865288,13FB05181249,AB,1.144653686
BTB-01865288,13FB05200127,AA,1.145851906
BTB-01865288,13FB05181059,BB,1.155563742
BTB-01865288,13AA07177718,AB,1.15818775
BTB-01865288,13AA07188801,AB,1.165855163
BTB-01865288,13HP02200003,AB,1.168569772
BTB-01865288,13HP02200065,BB,1.169103874
BTB-01865288,13FB05181026,AB,1.17546089
BTB-01865288,13FB05181126,AB,1.179059545
BTB-01865288,13FB05181031,AB,1.183847809
BTB-01865288,13FB05200239,AB,1.188482365
BTB-01865288,13FB05200146,AB,1.189977857
BTB-01865288,13HP02200014,AB,1.19490781
BTB-01865288,13FB05200411,AB,1.197375066
BTB-01865288,13HP02200072,BB,1.203249306
BTB-01865288,13FB05200631,AB,1.204316587
BTB-01865288,13HP02200005,AB,1.205425894
BTB-01865288,13FB05200233,AA,1.206257537
BTB-01865288,13FB05181041,AB,1.20816599
BTB-01865288,13FB05181044,AB,1.210586439
BTB-01865288,13FB05200511,AB,1.212694087
BTB-01865288,13HP02200075,AB,1.220588478
BTB-01865288,13FB05190131,AB,1.228006881
BTB-01865288,13FB05181030,BB,1.230218008
BTB-01865288,13HP02200025,AB,1.243430576
BTB-01865288,13AA07177715,AB,1.249572975
BTB-01865288,13FB05200509,AB,1.262305122
BTB-01865288,13FB05181113,AB,1.263801262
BTB-01865288,13HP02200076,BB,1.265515581
BTB-01865288,13AA07177720,AB,1.270403927
BTB-01865288,13HP02200106,AA,1.280481594
BTB-01865288,13HP02200062,BB,1.280603462
BTB-01865288,13HP02200001,AB,1.299156606
BTB-01865288,13FB05200643,AA,1.300694587
BTB-01865288,13FB05181246,BB,1.31510601
BTB-01865288,13HP02200069,BB,1.321163071
BTB-01865288,13FB05181105,BB,1.330648444
BTB-01865288,13FB05200608,AA,1.332858587
BTB-01865288,13FB05200517,AA,1.33343236
BTB-01865288,13HP02200030,AB,1.349747307
BTB-01865288,13HP02200021,BB,1.359486959
BTB-01865288,13FB05191227,AB,1.360773662
BTB-01865288,13FB05191224,AB,1.362135703
BTB-01865288,13FB05181128,AB,1.364312246
BTB-01865288,13FB05181203,AB,1.365125422
BTB-01865288,13FB05200225,AA,1.368916805
BTB-01865288,13FB05181038,AB,1.373672108
BTB-01865288,13HP02180373,AB,1.38398949
BTB-01865288,13FB05181002,AB,1.387069784
BTB-01865288,13HP02200040,AB,1.389701213
BTB-01865288,13FB05180914,BB,1.390510592
BTB-01865288,13AA07177719,AB,1.404203922
BTB-01865288,13FB05200211,AA,1.412346914
BTB-01865288,13HP02200043,AB,1.414401444
BTB-01865288,13AA07177705,BB,1.422116756
BTB-01865288,13HP02200105,AA,1.422535713
BTB-01865288,13FB05200331,AA,1.425600087
BTB-01865288,13FB05181028,BB,1.439687844
BTB-01865288,13HP02200041,AB,1.448754874
BTB-01865288,13FB05200532,BB,1.452426805
BTB-01865288,13HP02190007,AA,1.463089443
BTB-01865288,13HP02200078,AB,1.470455559
BTB-01865288,13HP02200185,AB,1.471514571
BTB-01865288,13FB05191255,AA,1.472324703
BTB-01865288,13HP02190059,AB,1.474018369
BTB-01865288,13FB05181024,AB,1.477559662
BTB-01865288,13FB05200402,AB,1.478321087
BTB-01865288,13HP02190062,AB,1.485376633
BTB-01865288,13HP02200081,AB,1.486589265
BTB-01865288,13HP02200056,AB,1.493278627
BTB-01865288,13HP02200121,AA,1.497293929
BTB-01865288,13FB05200303,AB,1.507103783
BTB-01865288,13HP02190061,AB,1.517694992
BTB-01865288,13FB05181017,BB,1.517763887
BTB-01865288,13HP02180293,AB,1.519848632
BTB-01865288,13HP02200140,AB,1.523877115
BTB-01865288,13FB05200525,AA,1.540613816
BTB-01865288,13FB05200301,AA,1.541733179
BTB-01865288,13HP02200010,AA,1.545033523
BTB-01865288,13HP02190076,AA,1.546255722
BTB-01865288,13HP02190049,AB,1.549433365
BTB-01865288,13HP02200004,BB,1.551429665
BTB-01865288,13FB05181131,AB,1.555206064
BTB-01865288,13HP02200020,AA,1.559632831
BTB-01865288,13HP02190054,BB,1.562454331
BTB-01865288,13FB05200144,AA,1.565270097
BTB-01865288,13FB05200634,AA,1.567905122
BTB-01865288,13HP02190063,AB,1.573167185
BTB-01865288,13AA07188802,BB,1.577606787
BTB-01865288,13FB05200533,AA,1.581392537
BTB-01865288,13HP02190370,BB,1.581929464
BTB-01865288,13HP02190066,AA,1.588785757
BTB-01865288,13HP02200061,AA,1.590370588
BTB-01865288,13HP02200002,AB,1.590845588
BTB-01865288,13HP02200124,AB,1.600342522
BTB-01865288,13FB05200220,AB,1.60853858
BTB-01865288,13HP02190051,AB,1.609789613
BTB-01865288,13FB05200406,AA,1.610669822
BTB-01865288,13HP02190038,AB,1.616184923
BTB-01865288,13HP02200126,AA,1.623133588
BTB-01865288,13FB05200404,AB,1.628338816
BTB-01865288,13HP02200158,AB,1.628480914
BTB-01865288,13HP02200098,AB,1.628728243
BTB-01865288,13FB05200134,AB,1.639430156
BTB-01865288,13HP02200017,AB,1.64509653
BTB-01865288,13HP02190026,AA,1.646750826
BTB-01865288,13HP02190031,AA,1.660721042
BTB-01865288,13FB05200616,AB,1.667925979
BTB-01865288,13HP02200019,BB,1.674922657
BTB-01865288,13HP02190060,BB,1.678790654
BTB-01865288,13HP02200087,BB,1.680799225
BTB-01865288,13HP02190074,AA,1.704568244
BTB-01865288,13FB05181255,AA,1.713445871
BTB-01865288,13FB05181236,AB,1.718147069
BTB-01865288,13FB05200516,AA,1.720290138
BTB-01865288,13FB05200330,AB,1.723009117
BTB-01865288,13FB05200142,AA,1.730434065
BTB-01865288,13FB05180929,AB,1.750532079
BTB-01865288,13HP02190052,AB,1.751226867
BTB-01865288,13HP02200023,AB,1.758737414
BTB-01865288,13FB05180940,BB,1.775971539
BTB-01865288,13FB05191258,AB,1.777756461
BTB-01865288,13HP02190025,AB,1.78127955
BTB-01865288,13FB05200611,AB,1.788758622
BTB-01865288,13HP02200034,AA,1.789476571
BTB-01865288,13HP02200141,AB,1.799556724
BTB-01865288,13FB05200117,AB,1.801718865
BTB-01865288,13FB05200535,AA,1.80377986
BTB-01865288,13HP02200077,AB,1.815561237
BTB-01865288,13FB05181016,AA,1.835643286
BTB-01865288,13HP02190037,AB,1.837088886
BTB-01865288,13HP02200167,AB,1.846054925
BTB-01865288,13HP02190032,AB,1.847232729
BTB-01865288,13FB05200329,AA,1.863311117
BTB-01865288,13FB05200326,AB,1.876157537
BTB-01865288,13HP02190067,BB,1.902598958
BTB-01865288,13FB05200534,AB,1.918729117
BTB-01865288,13HP02190068,AB,1.940320415
BTB-01865288,13FB05181110,AB,1.945485328
BTB-01865288,13FB05200409,AA,1.945650215
BTB-01865288,13FB05200506,AA,1.949940979
BTB-01865288,13FB05191216,AA,1.969559984
BTB-01865288,13FB05181136,AB,2.018398216
BTB-01865288,13HP02190077,AA,2.064715676
BTB-01865288,13HP02190046,AB,2.075080765
BTB-01865288,13FB05200314,AB,2.080530031
BTB-01865288,13FB05200520,AA,2.11743986
BTB-01865288,13HP02190065,AB,2.137328702
BTB-01865288,13HP02200068,AB,2.141418146
BTB-01865288,13HP02180337,AB,2.163625566
BTB-01865288,13HP02190006,AA,2.175100066
BTB-01865288,13FB05200313,AB,2.186329117
BTB-01865288,13HP02190069,AB,2.209810485
BTB-01865288,13HP02200070,AB,2.211192642
BTB-01865288,13FB05191215,AA,2.243995361
BTB-01865288,13FB05200266,AA,2.251102537
BTB-01865288,13HP02200016,AA,2.299995964
BTB-01865288,13HP02190073,BB,2.31216203
BTB-01865288,13FB05200647,AB,2.378191657
BTB-01865288,13HP02190056,AB,2.392389941
BTB-01865288,13HP02200015,AB,2.407663624
BTB-01865288,13HP02190064,AA,2.519544968
