SNP,ID,genotype,MUFA
ARS-BFGL-NGS-27018,13FB05181130,AA,6.106579044
ARS-BFGL-NGS-27018,13FB05200415,AA,6.860656571
ARS-BFGL-NGS-27018,13FB05200318,AB,8.652708496
ARS-BFGL-NGS-27018,13FB05181116,AA,10.00921774
ARS-BFGL-NGS-27018,13FB05181140,AB,9.149356297
ARS-BFGL-NGS-27018,13FB05200243,AA,7.632147419
ARS-BFGL-NGS-27018,13FB05200522,AA,6.959882395
ARS-BFGL-NGS-27018,13FB05200124,AA,4.702460494
ARS-BFGL-NGS-27018,13HP02200027,AA,3.360859263
ARS-BFGL-NGS-27018,13FB05200508,AA,11.04819739
ARS-BFGL-NGS-27018,13FB05200429,AA,2.728781071
ARS-BFGL-NGS-27018,13FB05200131,AB,10.57425657
ARS-BFGL-NGS-27018,13FB05200540,AB,18.73548415
ARS-BFGL-NGS-27018,13FB05180935,AB,11.8709524
ARS-BFGL-NGS-27018,13FB05200623,AA,5.578401876
ARS-BFGL-NGS-27018,13FB05200626,AA,10.04109688
ARS-BFGL-NGS-27018,13FB05200617,AA,5.451811876
ARS-BFGL-NGS-27018,13FB05200426,AA,6.778472419
ARS-BFGL-NGS-27018,13FB05200606,AA,12.12455688
ARS-BFGL-NGS-27018,13FB05200607,AA,4.354646876
ARS-BFGL-NGS-27018,13FB05200317,AA,9.165442989
ARS-BFGL-NGS-27018,13FB05200410,AB,14.59105239
ARS-BFGL-NGS-27018,13FB05200614,AB,11.65768415
ARS-BFGL-NGS-27018,13HP02200066,AB,5.473017052
ARS-BFGL-NGS-27018,13FB05180921,AB,8.372116612
ARS-BFGL-NGS-27018,13FB05200538,AA,5.099594154
ARS-BFGL-NGS-27018,13HP02200029,AA,7.643858536
ARS-BFGL-NGS-27018,13FB05200209,AB,6.397990363
ARS-BFGL-NGS-27018,13FB05181046,AA,8.129452499
ARS-BFGL-NGS-27018,13FB05200501,AB,3.490187346
ARS-BFGL-NGS-27018,13FB05191201,AB,8.105656908
ARS-BFGL-NGS-27018,13HP02200006,AB,8.711758339
ARS-BFGL-NGS-27018,13FB05181145,AB,12.82857957
ARS-BFGL-NGS-27018,13FB05200420,AA,19.08354574
ARS-BFGL-NGS-27018,13FB05200510,AB,10.73820344
ARS-BFGL-NGS-27018,13FB05181120,AA,13.2798463
ARS-BFGL-NGS-27018,13FB05181252,AA,9.820349147
ARS-BFGL-NGS-27018,13FB05181125,AA,8.985206783
ARS-BFGL-NGS-27018,13FB05181033,AA,13.37274355
ARS-BFGL-NGS-27018,13FB05181119,AB,8.107046827
ARS-BFGL-NGS-27018,13FB05181129,AB,5.017587736
ARS-BFGL-NGS-27018,13FB05181005,AA,9.700754999
ARS-BFGL-NGS-27018,13FB05180925,AA,9.232102498
ARS-BFGL-NGS-27018,13FB05180955,AB,5.932510767
ARS-BFGL-NGS-27018,13FB05181139,AA,7.708043163
ARS-BFGL-NGS-27018,13FB05200418,AA,10.70367742
ARS-BFGL-NGS-27018,13FB05200419,AA,10.88160049
ARS-BFGL-NGS-27018,13HP02200093,AB,7.155743855
ARS-BFGL-NGS-27018,13FB05191252,AA,6.038131019
ARS-BFGL-NGS-27018,13FB05181056,AA,9.434896212
ARS-BFGL-NGS-27018,13FB05180907,AA,9.344801612
ARS-BFGL-NGS-27018,13FB05181018,AA,6.251296827
ARS-BFGL-NGS-27018,13HP02200060,AA,5.444146592
ARS-BFGL-NGS-27018,13FB05181239,AA,8.290577736
ARS-BFGL-NGS-27018,13AA07177707,AB,8.680215627
ARS-BFGL-NGS-27018,13HP02200096,BB,8.316035394
ARS-BFGL-NGS-27018,13FB05181152,AB,13.6305211
ARS-BFGL-NGS-27018,13FB05181214,AA,12.89153446
ARS-BFGL-NGS-27018,13FB05181235,AB,7.661052639
ARS-BFGL-NGS-27018,13FB05200428,AA,10.00675657
ARS-BFGL-NGS-27018,13FB05200602,AB,9.447536876
ARS-BFGL-NGS-27018,13FB05200515,AA,8.960861876
ARS-BFGL-NGS-27018,13FB05181208,AA,10.62431541
ARS-BFGL-NGS-27018,13HP02200083,AA,11.15305697
ARS-BFGL-NGS-27018,13FB05180909,AB,5.779722829
ARS-BFGL-NGS-27018,13FB05191244,AA,8.855085172
ARS-BFGL-NGS-27018,13HP02200099,AA,5.556456206
ARS-BFGL-NGS-27018,13FB05200321,AB,7.445402419
ARS-BFGL-NGS-27018,13FB05181149,AB,10.34354754
ARS-BFGL-NGS-27018,13FB05181047,AA,6.34424886
ARS-BFGL-NGS-27018,13FB05200523,AA,9.161537395
ARS-BFGL-NGS-27018,13FB05200230,AA,8.621990543
ARS-BFGL-NGS-27018,13HP02200143,AA,6.014306781
ARS-BFGL-NGS-27018,13FB05181237,AB,10.28513072
ARS-BFGL-NGS-27018,13FB05200612,AB,11.18364574
ARS-BFGL-NGS-27018,13AA07177708,AA,6.726019499
ARS-BFGL-NGS-27018,13FB05200218,AB,6.574374451
ARS-BFGL-NGS-27018,13FB05180924,AA,13.32483854
ARS-BFGL-NGS-27018,13AA07177703,AA,7.429572218
ARS-BFGL-NGS-27018,13FB05181012,AB,10.19724183
ARS-BFGL-NGS-27018,13FB05200319,AA,8.091645686
ARS-BFGL-NGS-27018,13AA07177721,AA,9.459206968
ARS-BFGL-NGS-27018,13FB05181057,AA,11.02811286
ARS-BFGL-NGS-27018,13HP02200089,AA,6.477487394
ARS-BFGL-NGS-27018,13FB05181207,AA,9.153133823
ARS-BFGL-NGS-27018,13HP02200092,AB,6.439127914
ARS-BFGL-NGS-27018,13FB05200213,AA,9.677820363
ARS-BFGL-NGS-27018,13FB05180950,AB,11.29955291
ARS-BFGL-NGS-27018,13FB05200521,AB,9.159045744
ARS-BFGL-NGS-27018,13AA07177722,BB,8.125504343
ARS-BFGL-NGS-27018,13FB05200238,AB,7.473814408
ARS-BFGL-NGS-27018,13HP02200054,AA,6.579930181
ARS-BFGL-NGS-27018,13HP02200052,AA,9.577988008
ARS-BFGL-NGS-27018,13HP02200079,BB,6.456077969
ARS-BFGL-NGS-27018,13HP02200049,AA,8.330160105
ARS-BFGL-NGS-27018,13HP02200114,AB,9.455556506
ARS-BFGL-NGS-27018,13HP02200091,AA,9.013865114
ARS-BFGL-NGS-27018,13HP02200100,BB,7.654981433
ARS-BFGL-NGS-27018,13FB05181146,AB,8.916504403
ARS-BFGL-NGS-27018,13FB05191233,AA,8.285281839
ARS-BFGL-NGS-27018,13FB05200502,AA,11.72775657
ARS-BFGL-NGS-27018,13FB05181249,AB,7.941158829
ARS-BFGL-NGS-27018,13FB05200127,AA,11.02796441
ARS-BFGL-NGS-27018,13FB05181059,AB,8.671916239
ARS-BFGL-NGS-27018,13AA07177718,BB,9.437812763
ARS-BFGL-NGS-27018,13AA07188801,AA,9.371993851
ARS-BFGL-NGS-27018,13HP02200003,AA,7.202541044
ARS-BFGL-NGS-27018,13HP02200065,AB,7.748891433
ARS-BFGL-NGS-27018,13FB05181026,AA,7.971738712
ARS-BFGL-NGS-27018,13FB05181126,AB,12.61850648
ARS-BFGL-NGS-27018,13FB05181031,AB,9.708190054
ARS-BFGL-NGS-27018,13FB05200239,AA,11.28987357
ARS-BFGL-NGS-27018,13FB05200146,AB,8.658891269
ARS-BFGL-NGS-27018,13HP02200014,AA,9.36154756
ARS-BFGL-NGS-27018,13FB05200411,AA,7.80260016
ARS-BFGL-NGS-27018,13HP02200072,AB,9.773424311
ARS-BFGL-NGS-27018,13FB05200631,AA,10.40360239
ARS-BFGL-NGS-27018,13HP02200005,AA,11.42993494
ARS-BFGL-NGS-27018,13FB05200233,AA,6.730346902
ARS-BFGL-NGS-27018,13FB05181041,AA,8.634238712
ARS-BFGL-NGS-27018,13FB05181044,AA,9.580679961
ARS-BFGL-NGS-27018,13FB05200511,AA,9.645112395
ARS-BFGL-NGS-27018,13HP02200075,AB,8.190435623
ARS-BFGL-NGS-27018,13FB05190131,AB,8.58492585
ARS-BFGL-NGS-27018,13FB05181030,AA,10.54187733
ARS-BFGL-NGS-27018,13HP02200025,AB,10.16187804
ARS-BFGL-NGS-27018,13AA07177715,BB,8.710286915
ARS-BFGL-NGS-27018,13FB05200509,AA,14.23589688
ARS-BFGL-NGS-27018,13FB05181113,AA,10.39535957
ARS-BFGL-NGS-27018,13HP02200076,BB,7.247596658
ARS-BFGL-NGS-27018,13AA07177720,AA,2.585938717
ARS-BFGL-NGS-27018,13HP02200106,AA,6.572576506
ARS-BFGL-NGS-27018,13HP02200062,AB,8.272949988
ARS-BFGL-NGS-27018,13HP02200001,AA,7.295271404
ARS-BFGL-NGS-27018,13FB05200643,AB,16.98815239
ARS-BFGL-NGS-27018,13FB05181246,AA,8.496295139
ARS-BFGL-NGS-27018,13HP02200069,AB,7.410536663
ARS-BFGL-NGS-27018,13FB05181105,AA,11.5780775
ARS-BFGL-NGS-27018,13FB05200608,AA,8.101268007
ARS-BFGL-NGS-27018,13FB05200517,AA,6.058616571
ARS-BFGL-NGS-27018,13HP02200030,AB,7.381380433
ARS-BFGL-NGS-27018,13HP02200021,AA,6.632657147
ARS-BFGL-NGS-27018,13FB05191227,AA,10.69778825
ARS-BFGL-NGS-27018,13FB05191224,AA,11.35588184
ARS-BFGL-NGS-27018,13FB05181128,AA,10.37629329
ARS-BFGL-NGS-27018,13FB05181203,AB,7.967094562
ARS-BFGL-NGS-27018,13FB05200225,AA,2.631687346
ARS-BFGL-NGS-27018,13FB05181038,AA,13.47687287
ARS-BFGL-NGS-27018,13HP02180373,AB,7.254853643
ARS-BFGL-NGS-27018,13FB05181002,AB,11.13603283
ARS-BFGL-NGS-27018,13HP02200040,AA,8.731732605
ARS-BFGL-NGS-27018,13FB05180914,AB,10.45010989
ARS-BFGL-NGS-27018,13AA07177719,AA,8.845984118
ARS-BFGL-NGS-27018,13FB05200211,AA,9.080143697
ARS-BFGL-NGS-27018,13HP02200043,AB,8.182537149
ARS-BFGL-NGS-27018,13AA07177705,AA,9.037922758
ARS-BFGL-NGS-27018,13HP02200105,AA,6.712484643
ARS-BFGL-NGS-27018,13FB05200331,AB,9.603837395
ARS-BFGL-NGS-27018,13FB05181028,AA,7.033645551
ARS-BFGL-NGS-27018,13HP02200041,AA,8.586688576
ARS-BFGL-NGS-27018,13FB05200532,AA,17.55635735
ARS-BFGL-NGS-27018,13HP02190007,AB,8.466098129
ARS-BFGL-NGS-27018,13HP02200078,AA,9.279274591
ARS-BFGL-NGS-27018,13HP02200185,AA,8.630792647
ARS-BFGL-NGS-27018,13FB05191255,AB,10.39711184
ARS-BFGL-NGS-27018,13HP02190059,AA,8.553601033
ARS-BFGL-NGS-27018,13FB05181024,AB,10.89213906
ARS-BFGL-NGS-27018,13FB05200402,AA,6.509442395
ARS-BFGL-NGS-27018,13HP02190062,AA,7.704201791
ARS-BFGL-NGS-27018,13HP02200081,AB,8.238130535
ARS-BFGL-NGS-27018,13HP02200056,AA,6.995166222
ARS-BFGL-NGS-27018,13HP02200121,AA,5.766297281
ARS-BFGL-NGS-27018,13FB05200303,AA,9.82950902
ARS-BFGL-NGS-27018,13HP02190061,AA,7.907618507
ARS-BFGL-NGS-27018,13FB05181017,AB,11.073363
ARS-BFGL-NGS-27018,13HP02180293,BB,8.261226127
ARS-BFGL-NGS-27018,13HP02200140,AA,8.741771394
ARS-BFGL-NGS-27018,13FB05200525,AA,10.65404235
ARS-BFGL-NGS-27018,13FB05200301,AB,5.866046603
ARS-BFGL-NGS-27018,13HP02200010,AB,9.131323138
ARS-BFGL-NGS-27018,13HP02190076,AA,7.744438953
ARS-BFGL-NGS-27018,13HP02190049,AB,8.265574946
ARS-BFGL-NGS-27018,13HP02200004,AA,7.95070386
ARS-BFGL-NGS-27018,13FB05181131,AA,8.966594339
ARS-BFGL-NGS-27018,13HP02200020,AA,6.971335086
ARS-BFGL-NGS-27018,13HP02190054,BB,8.07202125
ARS-BFGL-NGS-27018,13FB05200144,AA,8.881294352
ARS-BFGL-NGS-27018,13FB05200634,AA,11.16809188
ARS-BFGL-NGS-27018,13HP02190063,AA,7.780797183
ARS-BFGL-NGS-27018,13AA07188802,AA,8.605239351
ARS-BFGL-NGS-27018,13FB05200533,AB,8.747259429
ARS-BFGL-NGS-27018,13HP02190370,AA,7.974635373
ARS-BFGL-NGS-27018,13HP02190066,AA,8.996412546
ARS-BFGL-NGS-27018,13HP02200061,AA,8.925383158
ARS-BFGL-NGS-27018,13HP02200002,AA,8.575017147
ARS-BFGL-NGS-27018,13HP02200124,AA,10.24709002
ARS-BFGL-NGS-27018,13FB05200220,AB,8.844250543
ARS-BFGL-NGS-27018,13HP02190051,AA,6.81223126
ARS-BFGL-NGS-27018,13FB05200406,AB,8.009957419
ARS-BFGL-NGS-27018,13HP02190038,AA,9.496746726
ARS-BFGL-NGS-27018,13HP02200126,AA,5.976818576
ARS-BFGL-NGS-27018,13FB05200404,AA,14.16743799
ARS-BFGL-NGS-27018,13HP02200158,AB,6.672512987
ARS-BFGL-NGS-27018,13HP02200098,AA,5.637303809
ARS-BFGL-NGS-27018,13FB05200134,AB,10.86246441
ARS-BFGL-NGS-27018,13HP02200017,AB,10.43570479
ARS-BFGL-NGS-27018,13HP02190026,AB,6.55522817
ARS-BFGL-NGS-27018,13HP02190031,AB,6.350834225
ARS-BFGL-NGS-27018,13FB05200616,AA,15.23516773
ARS-BFGL-NGS-27018,13HP02200019,AB,3.731670583
ARS-BFGL-NGS-27018,13HP02190060,AB,7.627080133
ARS-BFGL-NGS-27018,13HP02200087,AB,6.706688158
ARS-BFGL-NGS-27018,13HP02190074,AB,9.703722071
ARS-BFGL-NGS-27018,13FB05181255,AB,12.4714013
ARS-BFGL-NGS-27018,13FB05181236,AA,12.0392411
ARS-BFGL-NGS-27018,13FB05200516,AA,12.2633385
ARS-BFGL-NGS-27018,13FB05200330,AA,10.27045902
ARS-BFGL-NGS-27018,13FB05200142,AA,8.844322757
ARS-BFGL-NGS-27018,13FB05180929,AA,9.336122499
ARS-BFGL-NGS-27018,13HP02190052,AA,8.850562077
ARS-BFGL-NGS-27018,13HP02200023,AB,12.43200375
ARS-BFGL-NGS-27018,13FB05180940,AB,11.28383704
ARS-BFGL-NGS-27018,13FB05191258,AA,9.790229937
ARS-BFGL-NGS-27018,13HP02190025,AB,10.72618945
ARS-BFGL-NGS-27018,13FB05200611,AA,14.55879688
ARS-BFGL-NGS-27018,13HP02200034,AB,8.352676822
ARS-BFGL-NGS-27018,13HP02200141,AA,6.271044581
ARS-BFGL-NGS-27018,13FB05200117,AA,14.31631554
ARS-BFGL-NGS-27018,13FB05200535,AA,10.90434157
ARS-BFGL-NGS-27018,13HP02200077,AB,10.59256826
ARS-BFGL-NGS-27018,13FB05181016,AA,10.77822334
ARS-BFGL-NGS-27018,13HP02190037,AA,8.221611421
ARS-BFGL-NGS-27018,13HP02200167,AA,7.547733516
ARS-BFGL-NGS-27018,13HP02190032,AB,6.491265508
ARS-BFGL-NGS-27018,13FB05200329,AA,12.22681569
ARS-BFGL-NGS-27018,13FB05200326,AA,6.992684429
ARS-BFGL-NGS-27018,13HP02190067,BB,5.964033214
ARS-BFGL-NGS-27018,13FB05200534,AA,12.69433235
ARS-BFGL-NGS-27018,13HP02190068,AB,8.997540684
ARS-BFGL-NGS-27018,13FB05181110,AA,12.62741933
ARS-BFGL-NGS-27018,13FB05200409,AA,7.0786368
ARS-BFGL-NGS-27018,13FB05200506,AA,15.10424773
ARS-BFGL-NGS-27018,13FB05191216,AA,5.344765172
ARS-BFGL-NGS-27018,13FB05181136,AB,11.85689588
ARS-BFGL-NGS-27018,13HP02190077,AA,9.2502485
ARS-BFGL-NGS-27018,13HP02190046,AB,7.554775286
ARS-BFGL-NGS-27018,13FB05200314,AA,20.32224024
ARS-BFGL-NGS-27018,13FB05200520,AA,14.11430657
ARS-BFGL-NGS-27018,13HP02190065,AB,8.445902608
ARS-BFGL-NGS-27018,13HP02200068,AB,11.69943745
ARS-BFGL-NGS-27018,13HP02180337,AB,11.0957299
ARS-BFGL-NGS-27018,13HP02190006,AB,8.051569975
ARS-BFGL-NGS-27018,13FB05200313,AA,18.53941235
ARS-BFGL-NGS-27018,13HP02190069,AB,7.045402159
ARS-BFGL-NGS-27018,13HP02200070,AB,9.213598904
ARS-BFGL-NGS-27018,13FB05191215,AB,10.40740462
ARS-BFGL-NGS-27018,13FB05200266,AA,7.259132353
ARS-BFGL-NGS-27018,13HP02200016,AB,9.744903516
ARS-BFGL-NGS-27018,13HP02190073,AB,9.5831098
ARS-BFGL-NGS-27018,13FB05200647,AA,9.630745744
ARS-BFGL-NGS-27018,13HP02190056,AB,7.67494264
ARS-BFGL-NGS-27018,13HP02200015,AA,8.374879142
ARS-BFGL-NGS-27018,13HP02190064,AB,6.614812594
ARS-BFGL-NGS-27018,13FB05200644,AA,6.456205744
ARS-BFGL-NGS-27018,13FB05200237,AA,12.37150108
