SNP,ID,genotype,SCFA
BovineHD0700028128,13FB05181130,BB,1.990356249
BovineHD0700028128,13FB05200415,BB,1.881992808
BovineHD0700028128,13FB05200318,BB,3.122181247
BovineHD0700028128,13FB05181116,BB,3.976057245
BovineHD0700028128,13FB05181140,AB,1.991346886
BovineHD0700028128,13FB05200243,BB,3.564705184
BovineHD0700028128,13FB05200522,BB,1.413932848
BovineHD0700028128,13FB05200124,BB,4.453401266
BovineHD0700028128,13HP02200027,AB,2.067669737
BovineHD0700028128,13FB05200508,BB,2.110422848
BovineHD0700028128,13FB05200429,BB,2.402511593
BovineHD0700028128,13FB05200131,BB,2.498226593
BovineHD0700028128,13FB05200540,BB,4.198114292
BovineHD0700028128,13FB05180935,BB,3.166800472
BovineHD0700028128,13FB05200623,BB,2.516547205
BovineHD0700028128,13FB05200626,BB,3.470172205
BovineHD0700028128,13FB05200617,BB,2.000377205
BovineHD0700028128,13FB05200426,BB,2.647690184
BovineHD0700028128,13FB05200606,BB,3.557632205
BovineHD0700028128,13FB05200607,BB,3.043472205
BovineHD0700028128,13FB05200317,BB,4.37561478
BovineHD0700028128,13FB05200410,BB,4.374452848
BovineHD0700028128,13FB05200614,BB,2.476444292
BovineHD0700028128,13HP02200066,BB,2.969976627
BovineHD0700028128,13FB05180921,BB,1.874566334
BovineHD0700028128,13FB05200538,AB,3.907434292
BovineHD0700028128,13HP02200029,BB,3.237294137
BovineHD0700028128,13FB05200209,BB,3.057635783
BovineHD0700028128,13FB05181046,BB,4.65874393
BovineHD0700028128,13FB05200501,BB,2.048362808
BovineHD0700028128,13FB05191201,BB,3.536639564
BovineHD0700028128,13HP02200006,AB,3.325230028
BovineHD0700028128,13FB05181145,BB,3.227835263
BovineHD0700028128,13FB05200420,BB,4.285203366
BovineHD0700028128,13FB05200510,BB,2.922187369
BovineHD0700028128,13FB05181120,BB,4.943584734
BovineHD0700028128,13FB05181252,AB,4.371900945
BovineHD0700028128,13FB05181125,AA,3.485311727
BovineHD0700028128,13FB05181033,BB,3.380801156
BovineHD0700028128,13FB05181119,BB,2.601763565
BovineHD0700028128,13FB05181129,AB,3.724027245
BovineHD0700028128,13FB05181005,BB,3.07596893
BovineHD0700028128,13FB05180925,BB,3.104855949
BovineHD0700028128,13FB05180955,BB,3.352850376
BovineHD0700028128,13FB05181139,AB,2.842174753
BovineHD0700028128,13FB05200418,BB,3.212050184
BovineHD0700028128,13FB05200419,BB,4.221411266
BovineHD0700028128,13HP02200093,BB,3.174486136
BovineHD0700028128,13FB05191252,BB,3.199886311
BovineHD0700028128,13FB05181056,BB,3.30795082
BovineHD0700028128,13FB05180907,BB,3.113730334
BovineHD0700028128,13FB05181018,BB,3.863721065
BovineHD0700028128,13HP02200060,BB,3.9532197
BovineHD0700028128,13FB05181239,AA,2.959223911
BovineHD0700028128,13AA07177707,BB,2.92489375
BovineHD0700028128,13HP02200096,AB,2.673808335
BovineHD0700028128,13FB05181152,AB,3.680789506
BovineHD0700028128,13FB05181214,AB,4.200086488
BovineHD0700028128,13FB05181235,AB,3.408902969
BovineHD0700028128,13FB05200428,BB,2.059346593
BovineHD0700028128,13FB05200602,BB,1.957452205
BovineHD0700028128,13FB05200515,BB,3.069697205
BovineHD0700028128,13FB05181208,BB,4.000702803
BovineHD0700028128,13HP02200083,BB,5.025881772
BovineHD0700028128,13FB05180909,BB,3.181954186
BovineHD0700028128,13FB05191244,BB,2.889153424
BovineHD0700028128,13HP02200099,BB,3.445925656
BovineHD0700028128,13FB05200321,BB,3.581455184
BovineHD0700028128,13FB05181149,AB,2.88007063
BovineHD0700028128,13FB05181047,BB,3.344234146
BovineHD0700028128,13FB05200523,BB,3.297392848
BovineHD0700028128,13FB05200230,BB,3.690567369
BovineHD0700028128,13HP02200143,BB,3.500224338
BovineHD0700028128,13FB05181237,BB,3.891053077
BovineHD0700028128,13FB05200612,BB,4.324843366
BovineHD0700028128,13AA07177708,AB,2.452614998
BovineHD0700028128,13FB05200218,BB,2.207310369
BovineHD0700028128,13FB05180924,BB,5.039386148
BovineHD0700028128,13AA07177703,BB,3.359750878
BovineHD0700028128,13FB05181012,BB,4.192388565
BovineHD0700028128,13FB05200319,AB,3.929487229
BovineHD0700028128,13AA07177721,BB,3.540957238
BovineHD0700028128,13FB05181057,BB,3.754714146
BovineHD0700028128,13HP02200089,BB,3.565127208
BovineHD0700028128,13FB05181207,AB,2.273068886
BovineHD0700028128,13HP02200092,BB,3.904065002
BovineHD0700028128,13FB05200213,BB,3.420265783
BovineHD0700028128,13FB05180950,AB,3.637175263
BovineHD0700028128,13FB05200521,BB,2.638313366
BovineHD0700028128,13AA07177722,BB,2.837047944
BovineHD0700028128,13FB05200238,AB,3.496667064
BovineHD0700028128,13HP02200054,BB,3.815088749
BovineHD0700028128,13HP02200052,BB,3.928680103
BovineHD0700028128,13HP02200079,BB,3.37365463
BovineHD0700028128,13HP02200049,AA,3.800332636
BovineHD0700028128,13HP02200114,AB,4.257625586
BovineHD0700028128,13HP02200091,BB,3.625091005
BovineHD0700028128,13HP02200100,BB,3.343831772
BovineHD0700028128,13FB05181146,BB,3.566347245
BovineHD0700028128,13FB05191233,BB,3.172543424
BovineHD0700028128,13FB05200502,BB,3.567706593
BovineHD0700028128,13FB05181249,BB,3.866161986
BovineHD0700028128,13FB05200127,BB,3.480669564
BovineHD0700028128,13FB05181059,BB,4.157018597
BovineHD0700028128,13AA07177718,BB,3.572358084
BovineHD0700028128,13AA07188801,BB,2.517409606
BovineHD0700028128,13HP02200003,AB,4.253852842
BovineHD0700028128,13HP02200065,BB,3.600786058
BovineHD0700028128,13FB05181026,AB,3.78771082
BovineHD0700028128,13FB05181126,AA,3.823513196
BovineHD0700028128,13FB05181031,BB,3.829319013
BovineHD0700028128,13FB05200239,BB,4.180488418
BovineHD0700028128,13FB05200146,AA,2.710066982
BovineHD0700028128,13HP02200014,BB,3.254397803
BovineHD0700028128,13FB05200411,BB,4.165528258
BovineHD0700028128,13HP02200072,BB,4.341658082
BovineHD0700028128,13FB05200631,BB,2.666722848
BovineHD0700028128,13HP02200005,BB,3.439272404
BovineHD0700028128,13FB05200233,BB,2.374721085
BovineHD0700028128,13FB05181041,BB,3.40806082
BovineHD0700028128,13FB05181044,BB,3.328400932
BovineHD0700028128,13FB05200511,BB,3.733912887
BovineHD0700028128,13HP02200075,BB,2.96229077
BovineHD0700028128,13FB05190131,BB,3.35054623
BovineHD0700028128,13FB05181030,BB,2.804694371
BovineHD0700028128,13HP02200025,BB,3.655113262
BovineHD0700028128,13AA07177715,BB,3.841042706
BovineHD0700028128,13FB05200509,BB,2.995682205
BovineHD0700028128,13FB05181113,BB,3.664821048
BovineHD0700028128,13HP02200076,BB,2.96582203
BovineHD0700028128,13AA07177720,AB,1.362803993
BovineHD0700028128,13HP02200106,BB,3.424075586
BovineHD0700028128,13HP02200062,BB,4.946508556
BovineHD0700028128,13HP02200001,BB,3.602073463
BovineHD0700028128,13FB05200643,BB,3.934897848
BovineHD0700028128,13FB05181246,BB,4.785827969
BovineHD0700028128,13HP02200069,BB,3.114178272
BovineHD0700028128,13FB05181105,BB,3.561049333
BovineHD0700028128,13FB05200608,BB,3.189891044
BovineHD0700028128,13FB05200517,BB,4.376411593
BovineHD0700028128,13HP02200030,AB,3.297297487
BovineHD0700028128,13HP02200021,BB,3.18774463
BovineHD0700028128,13FB05191227,BB,4.743780327
BovineHD0700028128,13FB05191224,AB,3.977410091
BovineHD0700028128,13FB05181128,BB,3.581605939
BovineHD0700028128,13FB05181203,AB,2.640395923
BovineHD0700028128,13FB05200225,BB,2.409722808
BovineHD0700028128,13FB05181038,BB,4.573306759
BovineHD0700028128,13HP02180373,BB,3.576282827
BovineHD0700028128,13FB05181002,BB,3.868191986
BovineHD0700028128,13HP02200040,BB,4.015370136
BovineHD0700028128,13FB05180914,BB,4.099014767
BovineHD0700028128,13AA07177719,BB,2.877963521
BovineHD0700028128,13FB05200211,BB,3.145845783
BovineHD0700028128,13HP02200043,AB,3.81454844
BovineHD0700028128,13AA07177705,BB,3.558829431
BovineHD0700028128,13HP02200105,BB,3.139168674
BovineHD0700028128,13FB05200331,BB,3.440072848
BovineHD0700028128,13FB05181028,BB,3.388073518
BovineHD0700028128,13HP02200041,BB,3.387956487
BovineHD0700028128,13HP02190007,AB,4.029991092
BovineHD0700028128,13HP02200078,BB,4.434543101
BovineHD0700028128,13HP02200185,AB,3.217918161
BovineHD0700028128,13FB05191255,BB,3.381653424
BovineHD0700028128,13HP02190059,BB,3.585480767
BovineHD0700028128,13FB05181024,BB,5.233761459
BovineHD0700028128,13FB05200402,BB,3.561497848
BovineHD0700028128,13HP02190062,BB,3.964892447
BovineHD0700028128,13HP02200081,BB,3.723622997
BovineHD0700028128,13HP02200056,BB,3.992007336
BovineHD0700028128,13HP02200121,BB,3.146060171
BovineHD0700028128,13FB05200303,BB,4.277107229
BovineHD0700028128,13HP02190061,AB,4.200321685
BovineHD0700028128,13FB05181017,AB,3.937830093
BovineHD0700028128,13HP02180293,BB,4.148209752
BovineHD0700028128,13HP02200140,AB,4.164129583
BovineHD0700028128,13FB05200525,BB,4.459013895
BovineHD0700028128,13FB05200301,AB,2.766224185
BovineHD0700028128,13HP02200010,BB,4.989475661
BovineHD0700028128,13HP02190076,BB,4.118305088
BovineHD0700028128,13HP02190049,BB,4.456873988
BovineHD0700028128,13HP02200004,BB,4.185304286
BovineHD0700028128,13FB05181131,AB,3.913168985
BovineHD0700028128,13HP02200020,BB,4.140670206
BovineHD0700028128,13HP02190054,AB,4.507849472
BovineHD0700028128,13FB05200144,AB,3.664719644
BovineHD0700028128,13FB05200634,BB,2.927557205
BovineHD0700028128,13HP02190063,BB,4.147045544
BovineHD0700028128,13AA07188802,AB,3.972276492
BovineHD0700028128,13FB05200533,BB,4.673268122
BovineHD0700028128,13HP02190370,BB,4.496551415
BovineHD0700028128,13HP02190066,BB,4.293151087
BovineHD0700028128,13HP02200061,BB,3.667923201
BovineHD0700028128,13HP02200002,BB,4.291778915
BovineHD0700028128,13HP02200124,AB,4.533841241
BovineHD0700028128,13FB05200220,AB,3.562109869
BovineHD0700028128,13HP02190051,AB,4.246426751
BovineHD0700028128,13FB05200406,BB,4.110075184
BovineHD0700028128,13HP02190038,AB,4.846648661
BovineHD0700028128,13HP02200126,AB,4.083813201
BovineHD0700028128,13FB05200404,BB,4.64643978
BovineHD0700028128,13HP02200158,BB,4.353778065
BovineHD0700028128,13HP02200098,BB,4.266434463
BovineHD0700028128,13FB05200134,BB,3.601589564
BovineHD0700028128,13HP02200017,BB,4.230420342
BovineHD0700028128,13HP02190026,BB,4.314205234
BovineHD0700028128,13HP02190031,AB,3.991290491
BovineHD0700028128,13FB05200616,BB,2.784881966
BovineHD0700028128,13HP02200019,BB,3.29301469
BovineHD0700028128,13HP02190060,AB,4.610410914
BovineHD0700028128,13HP02200087,BB,3.875860047
BovineHD0700028128,13HP02190074,BB,4.556480652
BovineHD0700028128,13FB05181255,BB,5.627016695
BovineHD0700028128,13FB05181236,BB,6.514583347
BovineHD0700028128,13FB05200516,BB,3.210281247
BovineHD0700028128,13FB05200330,BB,2.797363895
BovineHD0700028128,13FB05200142,BB,4.35953374
BovineHD0700028128,13FB05180929,BB,4.13000393
BovineHD0700028128,13HP02190052,BB,4.144379122
BovineHD0700028128,13HP02200023,BB,5.268913358
BovineHD0700028128,13FB05180940,AB,4.999933129
BovineHD0700028128,13FB05191258,BB,2.375366851
BovineHD0700028128,13HP02190025,AB,4.291051355
BovineHD0700028128,13FB05200611,BB,3.301312205
BovineHD0700028128,13HP02200034,BB,3.451216272
BovineHD0700028128,13HP02200141,AB,3.918573168
BovineHD0700028128,13FB05200117,BB,3.514492369
BovineHD0700028128,13FB05200535,BB,3.240736593
BovineHD0700028128,13HP02200077,BB,4.363082077
BovineHD0700028128,13FB05181016,BB,3.563125526
BovineHD0700028128,13HP02190037,AB,4.548698403
BovineHD0700028128,13HP02200167,BB,4.153055552
BovineHD0700028128,13HP02190032,BB,4.245829155
BovineHD0700028128,13FB05200329,BB,3.703020562
BovineHD0700028128,13FB05200326,AB,3.198793122
BovineHD0700028128,13HP02190067,AB,3.712739264
BovineHD0700028128,13FB05200534,BB,3.662557229
BovineHD0700028128,13HP02190068,BB,4.587074837
BovineHD0700028128,13FB05181110,BB,5.444646065
BovineHD0700028128,13FB05200409,AB,4.160244064
BovineHD0700028128,13FB05200506,BB,5.385706966
BovineHD0700028128,13FB05191216,BB,4.400505663
BovineHD0700028128,13FB05181136,BB,4.136684899
BovineHD0700028128,13HP02190077,BB,4.812416675
BovineHD0700028128,13HP02190046,AB,4.509388709
BovineHD0700028128,13FB05200314,BB,2.242915085
BovineHD0700028128,13FB05200520,BB,3.391241593
BovineHD0700028128,13HP02190065,AB,4.971156775
BovineHD0700028128,13HP02200068,BB,4.632205864
BovineHD0700028128,13HP02180337,BB,4.930666283
BovineHD0700028128,13HP02190006,AB,5.361150533
BovineHD0700028128,13FB05200313,BB,5.564317229
BovineHD0700028128,13HP02190069,BB,5.045725616
BovineHD0700028128,13HP02200070,BB,5.034229088
BovineHD0700028128,13FB05191215,BB,4.069094169
BovineHD0700028128,13FB05200266,BB,2.762675229
BovineHD0700028128,13HP02200016,BB,4.602954634
BovineHD0700028128,13HP02190073,BB,5.294449912
BovineHD0700028128,13FB05200647,BB,4.178683366
BovineHD0700028128,13HP02190056,AB,5.163948795
BovineHD0700028128,13HP02200015,BB,5.331807696
BovineHD0700028128,13HP02190064,BB,4.782667078
BovineHD0700028128,13FB05200644,BB,2.145273366
BovineHD0700028128,13FB05200237,BB,3.388622126
