SNP,ID,genotype,UFA
ARS-BFGL-NGS-27018,13FB05181130,AA,6.771740496
ARS-BFGL-NGS-27018,13FB05200415,AA,7.885435414
ARS-BFGL-NGS-27018,13FB05200318,AB,10.29877028
ARS-BFGL-NGS-27018,13FB05181116,AA,11.28888566
ARS-BFGL-NGS-27018,13FB05181140,AB,10.44679169
ARS-BFGL-NGS-27018,13FB05200243,AA,9.077885566
ARS-BFGL-NGS-27018,13FB05200522,AA,7.857941191
ARS-BFGL-NGS-27018,13FB05200124,AA,5.971775741
ARS-BFGL-NGS-27018,13HP02200027,AA,3.836180334
ARS-BFGL-NGS-27018,13FB05200508,AA,12.77204119
ARS-BFGL-NGS-27018,13FB05200429,AA,3.040343914
ARS-BFGL-NGS-27018,13FB05200131,AB,11.99644541
ARS-BFGL-NGS-27018,13FB05200540,AB,21.45996088
ARS-BFGL-NGS-27018,13FB05180935,AB,13.76749006
ARS-BFGL-NGS-27018,13FB05200623,AA,6.608899775
ARS-BFGL-NGS-27018,13FB05200626,AA,11.49859977
ARS-BFGL-NGS-27018,13FB05200617,AA,6.447539775
ARS-BFGL-NGS-27018,13FB05200426,AA,7.406790566
ARS-BFGL-NGS-27018,13FB05200606,AA,13.67429977
ARS-BFGL-NGS-27018,13FB05200607,AA,5.366194775
ARS-BFGL-NGS-27018,13FB05200317,AA,10.6297227
ARS-BFGL-NGS-27018,13FB05200410,AB,16.16567619
ARS-BFGL-NGS-27018,13FB05200614,AB,13.54926088
ARS-BFGL-NGS-27018,13HP02200066,AB,6.565961349
ARS-BFGL-NGS-27018,13FB05180921,AB,9.719543261
ARS-BFGL-NGS-27018,13FB05200538,AA,6.261700879
ARS-BFGL-NGS-27018,13HP02200029,AA,8.873601837
ARS-BFGL-NGS-27018,13FB05200209,AB,7.670420469
ARS-BFGL-NGS-27018,13FB05181046,AA,9.469709549
ARS-BFGL-NGS-27018,13FB05200501,AB,3.840092299
ARS-BFGL-NGS-27018,13FB05191201,AB,9.494358299
ARS-BFGL-NGS-27018,13HP02200006,AB,10.09414692
ARS-BFGL-NGS-27018,13FB05181145,AB,14.74517606
ARS-BFGL-NGS-27018,13FB05200420,AA,21.19752551
ARS-BFGL-NGS-27018,13FB05200510,AB,12.38916079
ARS-BFGL-NGS-27018,13FB05181120,AA,15.45642169
ARS-BFGL-NGS-27018,13FB05181252,AA,11.56606949
ARS-BFGL-NGS-27018,13FB05181125,AA,10.04137219
ARS-BFGL-NGS-27018,13FB05181033,AA,15.1816869
ARS-BFGL-NGS-27018,13FB05181119,AB,9.515002517
ARS-BFGL-NGS-27018,13FB05181129,AB,6.148632327
ARS-BFGL-NGS-27018,13FB05181005,AA,11.49354205
ARS-BFGL-NGS-27018,13FB05180925,AA,10.82422029
ARS-BFGL-NGS-27018,13FB05180955,AB,6.727744276
ARS-BFGL-NGS-27018,13FB05181139,AA,9.255733469
ARS-BFGL-NGS-27018,13FB05200418,AA,12.26455557
ARS-BFGL-NGS-27018,13FB05200419,AA,12.57115574
ARS-BFGL-NGS-27018,13HP02200093,AB,8.171864635
ARS-BFGL-NGS-27018,13FB05191252,AA,7.682021836
ARS-BFGL-NGS-27018,13FB05181056,AA,10.90390426
ARS-BFGL-NGS-27018,13FB05180907,AA,10.80755826
ARS-BFGL-NGS-27018,13FB05181018,AA,7.665837517
ARS-BFGL-NGS-27018,13HP02200060,AA,6.64700186
ARS-BFGL-NGS-27018,13FB05181239,AA,9.55705566
ARS-BFGL-NGS-27018,13AA07177707,AB,10.05009197
ARS-BFGL-NGS-27018,13HP02200096,BB,9.49235689
ARS-BFGL-NGS-27018,13FB05181152,AB,15.14808396
ARS-BFGL-NGS-27018,13FB05181214,AA,14.61779267
ARS-BFGL-NGS-27018,13FB05181235,AB,9.191714304
ARS-BFGL-NGS-27018,13FB05200428,AA,11.19459541
ARS-BFGL-NGS-27018,13FB05200602,AB,10.96779977
ARS-BFGL-NGS-27018,13FB05200515,AA,10.05014977
ARS-BFGL-NGS-27018,13FB05181208,AA,12.39527487
ARS-BFGL-NGS-27018,13HP02200083,AA,12.93051569
ARS-BFGL-NGS-27018,13FB05180909,AB,7.016959682
ARS-BFGL-NGS-27018,13FB05191244,AA,10.40147407
ARS-BFGL-NGS-27018,13HP02200099,AA,6.769957153
ARS-BFGL-NGS-27018,13FB05200321,AB,8.667300566
ARS-BFGL-NGS-27018,13FB05181149,AB,11.76539532
ARS-BFGL-NGS-27018,13FB05181047,AA,7.539902301
ARS-BFGL-NGS-27018,13FB05200523,AA,10.56131119
ARS-BFGL-NGS-27018,13FB05200230,AA,10.13774641
ARS-BFGL-NGS-27018,13HP02200143,AA,7.113279202
ARS-BFGL-NGS-27018,13FB05181237,AB,11.54936477
ARS-BFGL-NGS-27018,13FB05200612,AB,13.26332551
ARS-BFGL-NGS-27018,13AA07177708,AA,8.160610518
ARS-BFGL-NGS-27018,13FB05200218,AB,7.760866649
ARS-BFGL-NGS-27018,13FB05180924,AA,15.36940388
ARS-BFGL-NGS-27018,13AA07177703,AA,8.814347251
ARS-BFGL-NGS-27018,13FB05181012,AB,11.67428252
ARS-BFGL-NGS-27018,13FB05200319,AA,9.518356536
ARS-BFGL-NGS-27018,13AA07177721,AA,10.86758787
ARS-BFGL-NGS-27018,13FB05181057,AA,12.7544583
ARS-BFGL-NGS-27018,13HP02200089,AA,7.76609489
ARS-BFGL-NGS-27018,13FB05181207,AA,10.54508381
ARS-BFGL-NGS-27018,13HP02200092,AB,7.680665785
ARS-BFGL-NGS-27018,13FB05200213,AA,11.6153438
ARS-BFGL-NGS-27018,13FB05180950,AB,13.09479939
ARS-BFGL-NGS-27018,13FB05200521,AB,10.72322551
ARS-BFGL-NGS-27018,13AA07177722,BB,9.219998952
ARS-BFGL-NGS-27018,13FB05200238,AB,8.847845799
ARS-BFGL-NGS-27018,13HP02200054,AA,8.885471334
ARS-BFGL-NGS-27018,13HP02200052,AA,10.76985041
ARS-BFGL-NGS-27018,13HP02200079,BB,7.472995297
ARS-BFGL-NGS-27018,13HP02200049,AA,9.608742135
ARS-BFGL-NGS-27018,13HP02200114,AB,10.97786728
ARS-BFGL-NGS-27018,13HP02200091,AA,10.3888442
ARS-BFGL-NGS-27018,13HP02200100,BB,9.034453733
ARS-BFGL-NGS-27018,13FB05181146,AB,10.61277899
ARS-BFGL-NGS-27018,13FB05191233,AA,9.795417399
ARS-BFGL-NGS-27018,13FB05200502,AA,13.76499541
ARS-BFGL-NGS-27018,13FB05181249,AB,9.313509682
ARS-BFGL-NGS-27018,13FB05200127,AA,12.7737808
ARS-BFGL-NGS-27018,13FB05181059,AB,9.734036059
ARS-BFGL-NGS-27018,13AA07177718,BB,10.90851836
ARS-BFGL-NGS-27018,13AA07188801,AA,10.55765475
ARS-BFGL-NGS-27018,13HP02200003,AA,8.519377113
ARS-BFGL-NGS-27018,13HP02200065,AB,8.901095161
ARS-BFGL-NGS-27018,13FB05181026,AA,9.369516761
ARS-BFGL-NGS-27018,13FB05181126,AB,14.42244389
ARS-BFGL-NGS-27018,13FB05181031,AB,11.03723994
ARS-BFGL-NGS-27018,13FB05200239,AA,13.04001362
ARS-BFGL-NGS-27018,13FB05200146,AB,9.999917626
ARS-BFGL-NGS-27018,13HP02200014,AA,10.69480234
ARS-BFGL-NGS-27018,13FB05200411,AA,9.234272398
ARS-BFGL-NGS-27018,13HP02200072,AB,11.19502229
ARS-BFGL-NGS-27018,13FB05200631,AA,11.24072619
ARS-BFGL-NGS-27018,13HP02200005,AA,13.11930748
ARS-BFGL-NGS-27018,13FB05200233,AA,8.255520282
ARS-BFGL-NGS-27018,13FB05181041,AA,10.06031676
ARS-BFGL-NGS-27018,13FB05181044,AA,10.78116449
ARS-BFGL-NGS-27018,13FB05200511,AA,10.93731119
ARS-BFGL-NGS-27018,13HP02200075,AB,9.400734206
ARS-BFGL-NGS-27018,13FB05190131,AB,10.05897213
ARS-BFGL-NGS-27018,13FB05181030,AA,12.02365161
ARS-BFGL-NGS-27018,13HP02200025,AB,11.47248132
ARS-BFGL-NGS-27018,13AA07177715,BB,10.12612085
ARS-BFGL-NGS-27018,13FB05200509,AA,16.15169977
ARS-BFGL-NGS-27018,13FB05181113,AA,12.28597024
ARS-BFGL-NGS-27018,13HP02200076,BB,8.28048363
ARS-BFGL-NGS-27018,13AA07177720,AA,2.642614682
ARS-BFGL-NGS-27018,13HP02200106,AA,7.80067561
ARS-BFGL-NGS-27018,13HP02200062,AB,9.672827692
ARS-BFGL-NGS-27018,13HP02200001,AA,9.521233678
ARS-BFGL-NGS-27018,13FB05200643,AB,18.94717619
ARS-BFGL-NGS-27018,13FB05181246,AA,10.1479068
ARS-BFGL-NGS-27018,13HP02200069,AB,8.523309967
ARS-BFGL-NGS-27018,13FB05181105,AA,13.36298831
ARS-BFGL-NGS-27018,13FB05200608,AA,9.238784044
ARS-BFGL-NGS-27018,13FB05200517,AA,7.868955414
ARS-BFGL-NGS-27018,13HP02200030,AB,8.504558304
ARS-BFGL-NGS-27018,13HP02200021,AA,7.525049447
ARS-BFGL-NGS-27018,13FB05191227,AA,12.20397136
ARS-BFGL-NGS-27018,13FB05191224,AA,13.1051174
ARS-BFGL-NGS-27018,13FB05181128,AA,11.86254312
ARS-BFGL-NGS-27018,13FB05181203,AB,8.825373553
ARS-BFGL-NGS-27018,13FB05200225,AA,3.349272299
ARS-BFGL-NGS-27018,13FB05181038,AA,15.47497393
ARS-BFGL-NGS-27018,13HP02180373,AB,8.560014165
ARS-BFGL-NGS-27018,13FB05181002,AB,12.95727168
ARS-BFGL-NGS-27018,13HP02200040,AA,10.16861463
ARS-BFGL-NGS-27018,13FB05180914,AB,12.22595778
ARS-BFGL-NGS-27018,13AA07177719,AA,9.942050048
ARS-BFGL-NGS-27018,13FB05200211,AA,10.19807714
ARS-BFGL-NGS-27018,13HP02200043,AB,9.20093198
ARS-BFGL-NGS-27018,13AA07177705,AA,10.55143953
ARS-BFGL-NGS-27018,13HP02200105,AA,6.419055467
ARS-BFGL-NGS-27018,13FB05200331,AB,11.45048119
ARS-BFGL-NGS-27018,13FB05181028,AA,8.10748433
ARS-BFGL-NGS-27018,13HP02200041,AA,9.995443733
ARS-BFGL-NGS-27018,13FB05200532,AA,19.0748323
ARS-BFGL-NGS-27018,13HP02190007,AB,9.742258538
ARS-BFGL-NGS-27018,13HP02200078,AA,10.55655708
ARS-BFGL-NGS-27018,13HP02200185,AA,9.935142171
ARS-BFGL-NGS-27018,13FB05191255,AB,11.99601073
ARS-BFGL-NGS-27018,13HP02190059,AA,9.912362873
ARS-BFGL-NGS-27018,13FB05181024,AB,12.29107359
ARS-BFGL-NGS-27018,13FB05200402,AA,8.167996191
ARS-BFGL-NGS-27018,13HP02190062,AA,9.139859108
ARS-BFGL-NGS-27018,13HP02200081,AB,9.416358233
ARS-BFGL-NGS-27018,13HP02200056,AA,8.21893345
ARS-BFGL-NGS-27018,13HP02200121,AA,6.882550869
ARS-BFGL-NGS-27018,13FB05200303,AA,11.80095654
ARS-BFGL-NGS-27018,13HP02190061,AA,9.395953216
ARS-BFGL-NGS-27018,13FB05181017,AB,13.0364513
ARS-BFGL-NGS-27018,13HP02180293,BB,9.52096677
ARS-BFGL-NGS-27018,13HP02200140,AA,10.07182089
ARS-BFGL-NGS-27018,13FB05200525,AA,11.75978654
ARS-BFGL-NGS-27018,13FB05200301,AB,7.576790951
ARS-BFGL-NGS-27018,13HP02200010,AB,10.4897012
ARS-BFGL-NGS-27018,13HP02190076,AA,9.041724948
ARS-BFGL-NGS-27018,13HP02190049,AB,9.558831029
ARS-BFGL-NGS-27018,13HP02200004,AA,9.041932817
ARS-BFGL-NGS-27018,13FB05181131,AA,10.5795618
ARS-BFGL-NGS-27018,13HP02200020,AA,8.028491334
ARS-BFGL-NGS-27018,13HP02190054,BB,9.29454624
ARS-BFGL-NGS-27018,13FB05200144,AA,10.63757517
ARS-BFGL-NGS-27018,13FB05200634,AA,12.97671477
ARS-BFGL-NGS-27018,13HP02190063,AA,9.075738281
ARS-BFGL-NGS-27018,13AA07188802,AA,9.765272014
ARS-BFGL-NGS-27018,13FB05200533,AB,10.0001088
ARS-BFGL-NGS-27018,13HP02190370,AA,9.063549656
ARS-BFGL-NGS-27018,13HP02190066,AA,10.58952182
ARS-BFGL-NGS-27018,13HP02200061,AA,10.09667699
ARS-BFGL-NGS-27018,13HP02200002,AA,9.966403733
ARS-BFGL-NGS-27018,13HP02200124,AA,11.71171159
ARS-BFGL-NGS-27018,13FB05200220,AB,10.20882141
ARS-BFGL-NGS-27018,13HP02190051,AA,8.161553232
ARS-BFGL-NGS-27018,13FB05200406,AB,9.345155566
ARS-BFGL-NGS-27018,13HP02190038,AA,11.07208378
ARS-BFGL-NGS-27018,13HP02200126,AA,7.052478019
ARS-BFGL-NGS-27018,13FB05200404,AA,15.9837577
ARS-BFGL-NGS-27018,13HP02200158,AB,8.077225086
ARS-BFGL-NGS-27018,13HP02200098,AA,6.761843063
ARS-BFGL-NGS-27018,13FB05200134,AB,12.6628858
ARS-BFGL-NGS-27018,13HP02200017,AB,11.73582836
ARS-BFGL-NGS-27018,13HP02190026,AB,7.761693264
ARS-BFGL-NGS-27018,13HP02190031,AB,7.418841504
ARS-BFGL-NGS-27018,13FB05200616,AA,17.29349706
ARS-BFGL-NGS-27018,13HP02200019,AB,4.308909948
ARS-BFGL-NGS-27018,13HP02190060,AB,8.780011176
ARS-BFGL-NGS-27018,13HP02200087,AB,8.226310319
ARS-BFGL-NGS-27018,13HP02190074,AB,11.20535723
ARS-BFGL-NGS-27018,13FB05181255,AB,14.51350005
ARS-BFGL-NGS-27018,13FB05181236,AA,13.63719516
ARS-BFGL-NGS-27018,13FB05200516,AA,14.21987028
ARS-BFGL-NGS-27018,13FB05200330,AA,11.7012832
ARS-BFGL-NGS-27018,13FB05200142,AA,10.17599452
ARS-BFGL-NGS-27018,13FB05180929,AA,10.68480205
ARS-BFGL-NGS-27018,13HP02190052,AA,9.738917582
ARS-BFGL-NGS-27018,13HP02200023,AB,12.71288059
ARS-BFGL-NGS-27018,13FB05180940,AB,13.03756334
ARS-BFGL-NGS-27018,13FB05191258,AA,11.71972762
ARS-BFGL-NGS-27018,13HP02190025,AB,10.68422231
ARS-BFGL-NGS-27018,13FB05200611,AA,16.12959977
ARS-BFGL-NGS-27018,13HP02200034,AB,9.616683311
ARS-BFGL-NGS-27018,13HP02200141,AA,7.308694118
ARS-BFGL-NGS-27018,13FB05200117,AA,16.34506391
ARS-BFGL-NGS-27018,13FB05200535,AA,11.93047541
ARS-BFGL-NGS-27018,13HP02200077,AB,12.05247019
ARS-BFGL-NGS-27018,13FB05181016,AA,12.17334934
ARS-BFGL-NGS-27018,13HP02190037,AA,9.581354824
ARS-BFGL-NGS-27018,13HP02200167,AA,8.504740052
ARS-BFGL-NGS-27018,13HP02190032,AB,7.6483923
ARS-BFGL-NGS-27018,13FB05200329,AA,14.11541654
ARS-BFGL-NGS-27018,13FB05200326,AA,7.726323796
ARS-BFGL-NGS-27018,13HP02190067,BB,6.916020989
ARS-BFGL-NGS-27018,13FB05200534,AA,14.24855987
ARS-BFGL-NGS-27018,13HP02190068,AB,10.71837633
ARS-BFGL-NGS-27018,13FB05181110,AA,14.42779752
ARS-BFGL-NGS-27018,13FB05200409,AA,8.845839981
ARS-BFGL-NGS-27018,13FB05200506,AA,16.90249706
ARS-BFGL-NGS-27018,13FB05191216,AA,6.336307399
ARS-BFGL-NGS-27018,13FB05181136,AB,13.47432497
ARS-BFGL-NGS-27018,13HP02190077,AA,10.78347169
ARS-BFGL-NGS-27018,13HP02190046,AB,8.868296629
ARS-BFGL-NGS-27018,13FB05200314,AA,23.14019695
ARS-BFGL-NGS-27018,13FB05200520,AA,15.42694541
ARS-BFGL-NGS-27018,13HP02190065,AB,9.930612756
ARS-BFGL-NGS-27018,13HP02200068,AB,13.42434594
ARS-BFGL-NGS-27018,13HP02180337,AB,12.76098943
ARS-BFGL-NGS-27018,13HP02190006,AB,9.609038286
ARS-BFGL-NGS-27018,13FB05200313,AA,21.0782132
ARS-BFGL-NGS-27018,13HP02190069,AB,8.543140583
ARS-BFGL-NGS-27018,13HP02200070,AB,10.54565
ARS-BFGL-NGS-27018,13FB05191215,AB,12.93242908
ARS-BFGL-NGS-27018,13FB05200266,AA,8.07356987
ARS-BFGL-NGS-27018,13HP02200016,AB,11.39606641
ARS-BFGL-NGS-27018,13HP02190073,AB,10.63487679
ARS-BFGL-NGS-27018,13FB05200647,AA,11.18922551
ARS-BFGL-NGS-27018,13HP02190056,AB,9.183299685
ARS-BFGL-NGS-27018,13HP02200015,AA,9.464795312
ARS-BFGL-NGS-27018,13HP02190064,AB,7.592505734
ARS-BFGL-NGS-27018,13FB05200644,AA,7.370275505
ARS-BFGL-NGS-27018,13FB05200237,AA,14.03822422
